id;cod_sucursal;num_apolce;cod_cobertura;dat_inicio_vigencia_apolice;dat_fim_vigencia_apolice;dat_inicio_vigencia_documento;dat_fim_vigencia_documento;num_cep;complemento_cep;cod_tipo_seguro;des_tipo_seguro;cod_congenere;cod_modalidade;des_modalidade;cod_grau_risco;des_grau_risco;flg_condominio_horizontal;vlr_maximo_lmi;vlr_score_serasa;qtdsin;ind_vert1;uf;ibgregmac;ibgregmso;ibgregmic;rndpcap_str;indvert_str;densidemo_mun;qtdemp_mun;indvlr;tmpapl;exp;lmiexp;apltratada;cobdes;FAIXA_SCORE_SERASA;BASAL;PARSEV;par_tpseg;par_mdl;par_restip;par_regmso;par_regmic;par_regmac;par_indvert_str;par_uf;par_renda_alta;par_no_arvore;par_chorizontal;par_coef_X_qtdemp_mun;par_ind_vert1;par_ultimo_ano_modelagem;premio_estimado;lmi_exc;premio_exc;premio_estimado_reset;premio_seguranca
9;81;2;64;12;12;14;11;12460;0;2;2;-1;2;1;1.0;1;1;10000.0;894;;0.0425;9;3;3815;381502;-3.0;0.0425;174.1592;2268;;366;0.855191257;8551.912568;812;0;5;4.257353446;-1.246549488;0.0;0;0.0;0.0;0;0;0;0;0;0;0.230843282;0;0.0;0;0;0;0;25.57581657;6.393954142
22;51;5;64;8;8;10;9;29163;172;1;0;-1;1;0;2.0;0;-3;5000.0;474;;-3.0;2;3;3201;320104;719.82;0.1013;862.0011;10588;;1096;0.333941606;1669.708029;515;0;1;4.257353446;-1.762887192;0.297264283;0;-1.321878565;0.0;0;0;0;0;0;0;0.0;0;0.0;0;0;0;0;4.348591379;1.087147845
29;51;6;64;9;9;11;6;14400;100;1;0;-1;1;0;1.0;1;2;10000.0;909;;0.2185;9;3;3813;381303;1237.85;0.0659;557.4072;16209;;1096;0.333941606;3339.416058;516;0;6;4.257353446;-1.246549488;0.297264283;0;0.0;0.0;0;0;0;0;0;0;0.0;0;0.0;0;0;0;0;27.33227506;6.833068766
35;81;7;64;12;12;14;11;3616;100;2;2;-1;1;0;1.0;1;2;8000.0;791;;0.045;9;3;3810;381007;752.31;0.2825;7782.7236;565893;;366;0.855191257;6841.530055;817;0;3;4.257353446;-1.393684696;0.0;0;0.0;0.0;0;0;0;0;0;0;0.0;0;0.0;0;0;0;0;17.52570656;4.381426641
45;81;9;64;17;17;18;17;11441;290;2;2;-1;2;1;2.0;0;-3;10000.0;943;;0.3333;9;3;3810;381006;1363.7;0.1089;2160.7622;7009;;366;0.860655738;8606.557377;819;0;8;4.257353446;-1.246549488;0.0;0;-1.321878565;0.0;0;0;0;0;0;0;0.0;0;0.0;0;0;0;0;5.413660021;1.353415005
61;50;19;64;52;61;53;66;22421;0;5;3;177;1;0;2.0;0;-3;30000.0;684;;0.9575;6;3;3301;330101;5923.22;0.3762;5104.9533;192065;;730;0.039726027;1191.780822;5019;0;2;4.257353446;-0.719695682;0.297264283;0;-1.321878565;0.0;0;0;0;0;0;0;0.0;0;-0.82941023;0;0;0;0;5.385085839;1.34627146
68;51;23;64;44;50;7;52;7791;60;1;0;-1;1;0;2.0;0;2;5000.0;-1;;-3.0;9;3;3810;381005;-3.0;0.1017;549.4172;2152;;730;0.117808219;589.0410959;5123;0;0;4.257353446;-1.762887192;0.297264283;0;-1.321878565;0.0;0;0;0;0;0;0;0.0;0;0.0;0;0;0;0;4.348591379;1.087147845
73;51;26;64;46;53;47;40;21051;901;1;0;-1;1;0;2.0;0;-3;5000.0;887;;-3.0;6;3;3301;330101;-3.0;-3.0;5104.9533;192065;;1096;0.333941606;1669.708029;5126;0;5;4.257353446;-1.762887192;0.297264283;0;-1.321878565;0.0;0;0;0;0;0;0;0.0;0;0.0;0;0;0;0;4.348591379;1.087147845
78;51;28;64;46;52;47;55;49048;430;1;0;-1;1;0;2.0;0;-3;5000.0;902;;0.2425;8;2;2802;280201;1020.09;0.2236;3431.0561;14574;;730;0.119178082;595.890411;5128;0;6;4.257353446;-1.762887192;0.297264283;0;-1.321878565;0.0;0;0;0;0;0;0;0.0;0;0.0;0;0;0;0;4.348591379;1.087147845
84;51;30;64;48;56;49;59;11740;0;1;0;-1;2;1;1.0;1;2;2000.0;910;;0.0602;9;3;3507;350701;-3.0;0.0602;158.9839;2163;;1096;0.333941606;667.8832117;5130;0;6;4.257353446;-2.787369393;0.297264283;0;0.0;1.041108264;0;0;0;0;0;0;0.0;0;0.0;0;0;0;0;16.5826439;4.145660974
89;51;32;64;50;58;51;62;24754;240;1;0;-1;1;0;1.0;1;2;6000.0;-1;;0.0;6;3;3301;330101;1956.71;0.0793;4106.2595;12080;;730;0.121917808;731.5068493;5132;0;0;4.257353446;-1.609288469;0.297264283;0;0.0;0.0;0;0;0;0;0;0;0.0;0;0.0;0;0;0;0;19.01692286;4.754230715
95;51;34;64;55;66;57;14;71675;80;1;0;-1;1;0;1.0;1;2;25000.0;913;;0.0;1;5;5301;530101;5848.69;0.2565;489.9215;92951;;1096;0.333941606;8348.540146;5134;0;6;4.257353446;-0.78838712;0.297264283;0;0.0;0.0;0;0;0;0;0;0;0.0;0;0.0;0;0;0;0;43.2168562;10.80421405
104;51;36;64;55;65;54;70;36025;260;1;0;-1;1;0;2.0;0;-3;5000.0;31;;0.6936;3;3;3112;311201;1577.95;0.2937;381.6689;20235;;730;0.124657534;623.2876712;5136;0;0;4.257353446;-1.762887192;0.297264283;0;-1.321878565;1.366286988;0;0;0;0;0;0;0.0;0;0.0;0;0;0;0;17.04980829;4.262452072
109;51;38;64;55;66;57;71;9230;120;1;0;-1;1;0;2.0;0;-3;3000.0;912;;0.0252;9;3;3810;381007;1012.39;0.1776;4038.887;25376;;1096;0.333941606;1001.824818;5138;0;6;4.257353446;-2.275877579;0.297264283;0;-1.321878565;0.0;0;0;0;0;0;0;0.0;0;0.0;0;0;0;0;2.603512735;0.650878184
117;51;41;64;57;68;59;73;18103;50;1;0;-1;1;0;2.0;0;-3;5000.0;833;;0.0783;9;3;3808;380804;859.54;0.0937;1415.3421;25320;;730;0.126027397;630.1369863;5141;0;4;4.257353446;-1.762887192;0.297264283;0;-1.321878565;0.756138901;0;0;0;0;0;0;0.0;0;0.0;0;0;0;0;9.262656367;2.315664092
122;51;45;64;2;2;3;2;5435;0;1;0;-1;1;0;2.0;0;-3;5000.0;899;;0.4873;9;3;3810;381007;2486.66;0.2825;7782.7236;565893;;730;0.128767123;643.8356164;5145;0;6;4.257353446;-1.762887192;0.297264283;0;-1.321878565;0.0;0;0;0;0;0;0;0.0;0;0.0;0;0;0;0;4.348591379;1.087147845
127;51;49;64;3;3;17;3;7240;10;1;0;-1;1;0;1.0;1;2;6000.0;208;;0.0088;9;3;3810;381002;621.0;0.1184;4127.7037;30902;;1096;0.333941606;2003.649635;5149;0;0;4.257353446;-1.609288469;0.297264283;0;0.0;0.0;0;0;0;0;0;0;0.0;0;0.0;0;0;0;0;19.01692286;4.754230715
132;51;61;64;16;16;17;16;4363;1;1;0;-1;1;0;2.0;0;-3;5000.0;326;;0.8999;9;3;3810;381007;3882.6;0.2825;7782.7236;565893;;730;0.138356164;691.7808219;5161;0;1;4.257353446;-1.762887192;0.297264283;0;-1.321878565;0.0;0;0;0;0;0;0;0.0;0;-0.82941023;0;0;0;0;1.897318818;0.474329705
137;50;62;64;42;47;44;49;18120;0;1;0;-1;2;1;1.0;1;1;6000.0;889;;0.0204;9;3;3808;380804;-3.0;0.0204;217.55;1087;;730;0.24109589;1446.575342;5062;0;5;4.257353446;-1.609288469;0.297264283;0;0.0;0.756138901;0;0;0;0;0;0;0.230843282;0;0.0;0;0;0;0;51.0247823;12.75619557
146;51;66;64;20;20;9;20;87505;143;1;0;-1;1;0;1.0;1;2;6000.0;476;;-3.0;5;4;4103;410303;1025.2;0.1026;87.0742;4850;;1096;0.333941606;2003.649635;5166;0;1;4.257353446;-1.609288469;0.297264283;0;0.0;0.898257109;0;0;0;0;0;0;0.0;0;0.0;0;0;0;0;46.6926315;11.67315788
152;51;67;64;23;23;23;23;3273;105;1;0;-1;1;0;1.0;1;2;10000.0;958;;-3.0;9;3;3810;381007;1218.25;0.2825;7782.7236;565893;;730;0.142465753;1424.657534;5167;0;9;4.257353446;-1.246549488;0.297264283;0;0.0;0.0;0;0;0;0;0;0;0.0;0;0.0;0;0;0;0;27.33227506;6.833068766
171;99;72;64;5;5;5;5;11444;670;2;2;-1;2;1;1.0;1;2;50000.0;913;;0.0106;9;3;3810;381006;342.12;0.1089;2160.7622;7009;;730;0.005479452;273.9726027;9972;0;6;4.257353446;-0.557473879;0.0;0;0.0;0.0;0;0;0;0;0;0;0.0;0;0.0;0;0;0;0;40.44243348;10.11060837
181;51;77;64;27;30;27;30;89235;430;1;0;-1;1;0;1.0;1;2;6000.0;858;;0.0099;7;4;4202;420203;728.86;0.1576;512.7124;21383;;1096;0.333941606;2003.649635;5177;0;4;4.257353446;-1.609288469;0.297264283;0;0.0;1.524868712;0;0;0;0;0;0;0.0;0;0.0;0;0;0;0;87.3740189;21.84350473
186;51;80;64;27;29;27;29;7022;0;1;0;-1;1;0;2.0;0;-3;5000.0;626;;0.3367;9;3;3810;381002;1170.17;0.1184;4127.7037;30902;;730;0.146575342;732.8767123;5180;0;2;4.257353446;-1.762887192;0.297264283;0;-1.321878565;0.0;0;0;0;0;0;0;0.0;0;0.0;0;0;0;0;4.348591379;1.087147845
191;51;82;64;27;29;27;29;4125;20;1;0;-1;1;0;1.0;1;1;3000.0;869;;0.6324;9;3;3810;381007;4245.54;0.2825;7782.7236;565893;;730;0.146575342;439.7260274;5182;0;5;4.257353446;-2.275877579;0.297264283;0;0.0;0.0;0;0;0;0;0;0;0.230843282;0;0.0;0;0;0;0;12.29980529;3.074951321
196;50;83;64;1;1;2;1;1526;0;1;0;-1;1;0;2.0;0;-3;50000.0;837;;0.8656;9;3;3810;381007;2368.02;0.2825;7782.7236;565893;;1096;0.333941606;16697.08029;5083;0;4;4.257353446;-0.557473879;0.297264283;0;-1.321878565;0.0;0;0;0;0;0;0;0.0;0;-0.82941023;0;0;0;0;6.333512977;1.583378244
201;51;87;64;30;34;30;34;4737;0;1;0;-1;1;0;2.0;0;-3;5000.0;820;;0.2231;9;3;3810;381007;4188.71;0.2825;7782.7236;565893;;1096;0.333941606;1669.708029;5187;0;3;4.257353446;-1.762887192;0.297264283;0;-1.321878565;0.0;0;0;0;0;0;0;0.0;0;0.0;0;0;0;0;4.348591379;1.087147845
207;51;90;64;30;33;30;33;4358;110;1;0;-1;1;0;1.0;1;2;3000.0;824;;0.0383;9;3;3810;381007;2008.26;0.2825;7782.7236;565893;;730;0.149315068;447.9452055;5190;0;4;4.257353446;-2.275877579;0.297264283;0;0.0;0.0;0;0;0;0;0;0;0.0;0;0.0;0;0;0;0;9.764371014;2.441092753
212;51;91;64;30;34;30;34;22280;30;1;0;-1;1;0;2.0;0;-3;5000.0;775;;0.8971;6;3;3301;330101;3886.71;0.3762;5104.9533;192065;;1096;0.333941606;1669.708029;5191;0;3;4.257353446;-1.762887192;0.297264283;0;-1.321878565;0.0;0;0;0;0;0;0;0.0;0;-0.82941023;0;0;0;0;1.897318818;0.474329705
222;51;93;64;32;36;32;15;4256;240;1;0;-1;1;0;1.0;1;2;6000.0;592;;0.046;9;3;3810;381007;1171.4;0.2825;7782.7236;565893;;1096;0.333941606;2003.649635;5193;0;2;4.257353446;-1.609288469;0.297264283;0;0.0;0.0;0;0;0;0;0;0;0.0;0;0.0;0;0;0;0;19.01692286;4.754230715
228;50;95;64;4;4;4;4;31155;700;1;0;-1;1;0;1.0;1;2;7000.0;697;;0.8242;3;3;3104;310401;2739.17;0.3297;7505.6011;108931;;730;0.34109589;2387.671233;5095;0;3;4.257353446;-1.489911611;0.297264283;0;0.0;0.0;0;0;0;0;0;0;0.0;0;-0.82941023;0;0;0;0;9.349247766;2.337311942
233;51;96;64;34;38;43;38;5007;2;1;0;-1;1;0;2.0;0;2;5000.0;881;;0.8103;9;3;3810;381007;3134.21;0.2825;7782.7236;565893;;730;0.152054795;760.2739726;5196;0;5;4.257353446;-1.762887192;0.297264283;0;-1.321878565;0.0;0;0;0;0;0;0;0.0;0;-0.82941023;0;0;0;0;1.897318818;0.474329705
238;51;98;64;36;40;35;41;8030;590;1;0;-1;1;0;2.0;0;-3;5000.0;-1;;0.0;9;3;3810;381007;511.91;0.2825;7782.7236;565893;;730;0.153424658;767.1232877;5198;0;0;4.257353446;-1.762887192;0.297264283;0;-1.321878565;0.0;0;0;0;0;0;0;0.0;0;0.0;0;0;0;0;4.348591379;1.087147845
243;51;101;64;38;42;38;43;1516;100;1;0;-1;1;0;2.0;0;-3;5000.0;858;;0.5469;9;3;3810;381007;854.83;0.2825;7782.7236;565893;;1096;0.333941606;1669.708029;51101;0;4;4.257353446;-1.762887192;0.297264283;0;-1.321878565;0.0;0;0;0;0;0;0;0.0;0;0.0;0;0;0;0;4.348591379;1.087147845
247;51;105;64;39;43;41;44;21655;340;1;0;-1;1;0;2.0;0;-3;3000.0;-1;;0.7086;6;3;3301;330101;658.09;0.3762;5104.9533;192065;;1096;0.333941606;1001.824818;51105;0;0;4.257353446;-2.275877579;0.297264283;0;-1.321878565;0.0;0;0;0;0;0;0;0.0;0;0.0;0;0;0;0;2.603512735;0.650878184
252;51;110;64;41;46;43;48;4710;90;1;0;-1;1;0;2.0;0;-3;3000.0;864;;0.4487;9;3;3810;381007;2692.2;0.2825;7782.7236;565893;;1096;0.333941606;1001.824818;51110;0;4;4.257353446;-2.275877579;0.297264283;0;-1.321878565;0.0;0;0;0;0;0;0;0.0;0;0.0;0;0;0;0;2.603512735;0.650878184
257;51;112;64;41;46;43;48;8290;480;1;0;-1;1;0;1.0;1;2;6000.0;775;;0.0343;9;3;3810;381007;774.15;0.2825;7782.7236;565893;;1096;0.333941606;2003.649635;51112;0;3;4.257353446;-1.609288469;0.297264283;0;0.0;0.0;0;0;0;0;0;0;0.0;0;0.0;0;0;0;0;19.01692286;4.754230715
267;51;118;64;45;51;46;53;11030;603;1;0;-1;1;0;2.0;0;-3;5000.0;882;;0.8047;9;3;3810;381006;1636.23;0.6309;1543.4852;22570;;730;0.160273973;801.369863;51118;0;5;4.257353446;-1.762887192;0.297264283;0;-1.321878565;0.0;0;0;0;0;0;0;0.0;0;-0.82941023;0;0;0;0;1.897318818;0.474329705
272;51;127;64;49;57;50;54;9810;390;1;0;-1;1;0;2.0;0;-3;5000.0;679;;0.0814;9;3;3810;381007;1308.61;0.2394;1993.3407;27397;;730;0.163013699;815.0684932;51127;0;2;4.257353446;-1.762887192;0.297264283;0;-1.321878565;0.0;0;0;0;0;0;0;0.0;0;0.0;0;0;0;0;4.348591379;1.087147845
277;51;128;64;49;57;55;60;4144;20;1;0;-1;1;0;;2;2;5000.0;453;;0.8303;9;3;3810;381007;2462.51;0.2825;7782.7236;565893;;730;0.163013699;815.0684932;51128;0;1;4.257353446;-1.762887192;0.297264283;0;0.0;0.0;0;0;0;0;0;0;0.0;0;-0.82941023;0;0;0;0;7.115818803;1.778954701
282;51;129;64;49;57;50;60;22030;30;1;0;-1;1;0;2.0;0;-3;5000.0;656;;0.9903;6;3;3301;330101;3680.56;0.3762;5104.9533;192065;;730;0.163013699;815.0684932;51129;0;2;4.257353446;-1.762887192;0.297264283;0;-1.321878565;0.0;0;0;0;0;0;0;0.0;0;-0.82941023;0;0;0;0;1.897318818;0.474329705
287;51;137;64;53;62;55;67;4560;0;1;0;-1;1;0;2.0;0;-3;5000.0;922;;0.2479;9;3;3810;381007;4415.08;0.2825;7782.7236;565893;;730;0.165753425;828.7671233;51137;0;7;4.257353446;-1.762887192;0.297264283;0;-1.321878565;0.0;0;0;0;0;0;0;0.0;0;0.0;0;0;0;0;4.348591379;1.087147845
293;51;139;64;53;62;55;67;9291;210;1;0;-1;1;0;2.0;0;-3;5000.0;916;;0.193;9;3;3810;381007;2232.75;0.1776;4038.887;25376;;730;0.165753425;828.7671233;51139;0;7;4.257353446;-1.762887192;0.297264283;0;-1.321878565;0.0;0;0;0;0;0;0;0.0;0;0.0;0;0;0;0;4.348591379;1.087147845
299;51;143;64;56;67;8;72;8717;650;1;0;-1;1;0;;2;1;6000.0;-1;;0.0332;9;3;3810;381004;981.57;0.1444;577.4158;11789;;730;0.167123288;1002.739726;51143;0;0;4.257353446;-1.609288469;0.297264283;0;0.0;0.0;0;0;0;0;0;0;0.230843282;0;0.0;0;0;0;0;23.95489151;5.988722878
305;51;150;64;0;0;1;0;1423;1;1;0;-1;1;0;2.0;0;-3;5000.0;61;;0.9324;9;3;3810;381007;4371.0;0.2825;7782.7236;565893;;1096;0.333941606;1669.708029;51150;0;0;4.257353446;-1.762887192;0.297264283;0;-1.321878565;0.0;0;0;0;0;0;0;0.0;0;-0.82941023;0;0;0;0;1.897318818;0.474329705
310;51;155;64;56;67;58;72;1331;1;1;0;-1;1;0;2.0;0;-3;5000.0;724;;0.9266;9;3;3810;381007;4476.65;0.2825;7782.7236;565893;;730;0.167123288;835.6164384;51155;0;3;4.257353446;-1.762887192;0.297264283;0;-1.321878565;0.0;0;0;0;0;0;0;0.0;0;-0.82941023;0;0;0;0;1.897318818;0.474329705
318;51;158;64;6;6;6;7;2710;70;1;0;-1;1;0;1.0;1;2;6000.0;910;;-3.0;9;3;3810;381007;947.85;0.2825;7782.7236;565893;;730;0.17260274;1035.616438;51158;0;6;4.257353446;-1.609288469;0.297264283;0;0.0;0.0;0;0;0;0;0;0;0.0;0;0.0;0;0;0;0;19.01692286;4.754230715
323;51;162;64;6;6;33;7;17800;0;1;0;-1;1;0;1.0;1;2;6000.0;594;;0.0212;9;3;3812;381201;-3.0;0.0212;84.7687;1907;;730;0.17260274;1035.616438;51162;0;2;4.257353446;-1.609288469;0.297264283;0;0.0;0.0;0;0;0;0;0;0;0.0;0;0.0;0;0;0;0;19.01692286;4.754230715
329;51;168;64;6;6;6;7;1552;1;1;0;-1;1;0;2.0;0;-3;5000.0;846;;0.5197;9;3;3810;381007;2051.77;0.2825;7782.7236;565893;;730;0.17260274;863.0136986;51168;0;4;4.257353446;-1.762887192;0.297264283;0;-1.321878565;0.0;0;0;0;0;0;0;0.0;0;0.0;0;0;0;0;4.348591379;1.087147845
335;51;179;64;7;7;8;8;4152;40;1;0;-1;1;0;1.0;1;2;3000.0;934;;0.0998;9;3;3810;381007;1630.42;0.2825;7782.7236;565893;;730;0.173972603;521.9178082;51179;0;8;4.257353446;-2.275877579;0.297264283;0;0.0;0.0;0;0;0;0;0;0;0.0;0;0.0;0;0;0;0;9.764371014;2.441092753
342;51;195;64;10;10;12;47;7096;110;4;1;-1;1;0;1.0;1;2;6000.0;770;;0.029;9;3;3810;381002;1462.12;0.1184;4127.7037;30902;;730;0.176712329;1060.273973;51195;0;3;4.257353446;-1.609288469;0.0;0;0.0;0.0;0;0;0;0;0;0;0.0;0;0.0;0;0;0;0;14.12667673;3.531669183
351;51;197;64;10;10;12;61;29102;10;1;0;-1;1;0;2.0;0;-3;5000.0;877;;0.8005;2;3;3201;320104;519.28;0.3099;2128.3821;14063;;730;0.176712329;883.5616438;51197;0;5;4.257353446;-1.762887192;0.297264283;0;-1.321878565;0.0;0;0;0;0;0;0;0.0;0;-0.82941023;0;0;0;0;1.897318818;0.474329705
360;51;204;64;14;14;15;13;4717;0;1;0;-1;1;0;2.0;0;-3;5000.0;-1;;0.5333;9;3;3810;381007;3811.81;0.2825;7782.7236;565893;;730;0.178082192;890.4109589;51204;0;0;4.257353446;-1.762887192;0.297264283;0;-1.321878565;0.0;0;0;0;0;0;0;0.0;0;0.0;0;0;0;0;4.348591379;1.087147845
365;99;212;64;18;18;19;18;2313;1;2;2;-1;1;0;1.0;1;1;10000.0;923;;0.0089;9;3;3810;381007;1099.31;0.2825;7782.7236;565893;;1096;0.333941606;3339.416058;99212;0;7;4.257353446;-1.246549488;0.0;0;0.0;0.0;0;0;0;0;0;0;0.230843282;0;0.0;0;0;0;0;25.57581657;6.393954142
370;51;216;64;14;14;15;13;11075;400;1;0;-1;1;0;2.0;0;-3;5000.0;882;;0.8317;9;3;3810;381006;1160.36;0.6309;1543.4852;22570;;730;0.178082192;890.4109589;51216;0;5;4.257353446;-1.762887192;0.297264283;0;-1.321878565;0.0;0;0;0;0;0;0;0.0;0;-0.82941023;0;0;0;0;1.897318818;0.474329705
375;51;222;64;19;19;20;19;1311;200;1;0;-1;1;0;2.0;0;-3;5000.0;678;;0.9563;9;3;3810;381007;5922.13;0.2825;7782.7236;565893;;730;0.180821918;904.109589;51222;0;2;4.257353446;-1.762887192;0.297264283;0;-1.321878565;0.0;0;0;0;0;0;0;0.0;0;-0.82941023;0;0;0;0;1.897318818;0.474329705
380;51;223;64;21;21;21;58;12093;630;4;1;-1;1;0;1.0;1;1;6000.0;248;;-3.0;9;3;3815;381506;460.52;0.0798;477.2442;8740;;730;0.182191781;1093.150685;51223;0;1;4.257353446;-1.609288469;0.0;0;0.0;0.0;0;0;0;0;0;0;0.230843282;0;0.0;0;0;0;0;17.79483521;4.448708803
388;51;226;64;21;21;21;21;12221;150;1;0;-1;1;0;2.0;0;-3;5000.0;240;;0.0968;9;3;3815;381506;844.64;0.1759;617.8879;21957;;730;0.182191781;910.9589041;51226;0;1;4.257353446;-1.762887192;0.297264283;0;-1.321878565;0.0;0;0;0;0;0;0;0.0;0;0.0;0;0;0;0;4.348591379;1.087147845
394;51;227;64;21;21;21;21;22770;480;1;0;-1;1;0;1.0;1;1;6000.0;861;;0.0696;6;3;3301;330101;2373.04;0.3762;5104.9533;192065;;730;0.182191781;1093.150685;51227;0;4;4.257353446;-1.609288469;0.297264283;0;0.0;0.0;0;0;0;0;0;0;0.230843282;0;0.0;0;0;0;0;23.95489151;5.988722878
399;51;230;64;21;21;21;21;20271;90;1;0;-1;1;0;2.0;0;-3;5000.0;932;;0.9104;6;3;3301;330101;2584.19;0.3762;5104.9533;192065;;730;0.182191781;910.9589041;51230;0;8;4.257353446;-1.762887192;0.297264283;0;-1.321878565;0.0;0;0;0;0;0;0;0.0;0;-0.82941023;0;0;0;0;1.897318818;0.474329705
404;51;235;64;25;27;25;27;1141;0;1;0;-1;1;0;2.0;0;-3;5000.0;854;;0.0116;9;3;3810;381007;1205.24;0.2825;7782.7236;565893;;1096;0.333941606;1669.708029;51235;0;4;4.257353446;-1.762887192;0.297264283;0;-1.321878565;0.0;0;0;0;0;0;0;0.0;0;0.0;0;0;0;0;4.348591379;1.087147845
409;51;237;64;25;26;25;26;5036;110;1;0;-1;1;0;2.0;0;-3;5000.0;-1;;0.5083;9;3;3810;381007;1622.88;0.2825;7782.7236;565893;;730;0.184931507;924.6575342;51237;0;0;4.257353446;-1.762887192;0.297264283;0;-1.321878565;0.0;0;0;0;0;0;0;0.0;0;0.0;0;0;0;0;4.348591379;1.087147845
414;51;240;64;25;26;25;26;4202;21;1;0;-1;1;0;2.0;0;-3;5000.0;851;;0.5965;9;3;3810;381007;1979.03;0.2825;7782.7236;565893;;730;0.184931507;924.6575342;51240;0;4;4.257353446;-1.762887192;0.297264283;0;-1.321878565;0.0;0;0;0;0;0;0;0.0;0;0.0;0;0;0;0;4.348591379;1.087147845
429;51;278;64;11;11;13;10;3113;10;1;0;-1;1;0;2.0;0;-3;5000.0;-1;;0.4365;9;3;3810;381007;2808.86;0.2825;7782.7236;565893;;730;0.219178082;1095.890411;51278;0;0;4.257353446;-1.762887192;0.297264283;0;-1.321878565;0.0;0;0;0;0;0;0;0.0;0;0.0;0;0;0;0;4.348591379;1.087147845
437;51;287;64;15;15;16;14;22750;8;1;0;-1;1;0;2.0;0;-3;5000.0;-1;;0.6537;6;3;3301;330101;1134.69;0.3762;5104.9533;192065;;730;0.220547945;1102.739726;51287;0;0;4.257353446;-1.762887192;0.297264283;0;-1.321878565;0.0;0;0;0;0;0;0;0.0;0;0.0;0;0;0;0;4.348591379;1.087147845
449;51;298;64;15;15;16;14;17047;202;1;0;-1;1;0;2.0;0;-3;5000.0;450;;-3.0;9;3;3504;350402;-3.0;0.1216;539.9319;14111;;730;0.220547945;1102.739726;51298;0;1;4.257353446;-1.762887192;0.297264283;0;-1.321878565;0.0;0;0;0;0;0;0;0.0;0;0.0;0;0;0;0;4.348591379;1.087147845
462;51;304;64;22;22;22;22;13087;570;1;0;-1;1;0;2.0;0;-3;5000.0;-1;;0.3695;9;3;3505;350502;2644.5;0.2441;1447.6141;49753;;730;0.224657534;1123.287671;51304;0;0;4.257353446;-1.762887192;0.297264283;0;-1.321878565;0.0;0;0;0;0;0;0;0.0;0;0.0;0;0;0;0;4.348591379;1.087147845
467;51;313;64;24;24;24;24;5525;80;1;0;-1;1;0;2.0;0;-3;5000.0;-1;;0.1247;9;3;3810;381007;735.67;0.2825;7782.7236;565893;;730;0.226027397;1130.136986;51313;0;0;4.257353446;-1.762887192;0.297264283;0;-1.321878565;0.0;0;0;0;0;0;0;0.0;0;0.0;0;0;0;0;4.348591379;1.087147845
473;51;315;64;24;25;24;25;3155;0;1;0;-1;1;0;2.0;0;-3;5000.0;639;;0.3483;9;3;3810;381007;916.69;0.2825;7782.7236;565893;;1096;0.333941606;1669.708029;51315;0;2;4.257353446;-1.762887192;0.297264283;0;-1.321878565;0.0;0;0;0;0;0;0;0.0;0;0.0;0;0;0;0;4.348591379;1.087147845
488;51;319;64;26;28;26;28;60810;50;1;0;-1;1;0;2.0;0;-3;5000.0;407;;0.6852;0;2;2303;230301;3987.86;0.1776;8195.972;60799;;730;0.22739726;1136.986301;51319;0;1;4.257353446;-1.762887192;0.297264283;0;-1.321878565;0.0;0;0;0;0;0;0;0.0;0;0.0;0;0;0;0;4.348591379;1.087147845
493;51;321;64;28;31;28;31;22210;30;1;0;-1;1;0;2.0;0;-3;5000.0;858;;0.9237;6;3;3301;330101;4922.96;0.3762;5104.9533;192065;;1096;0.333941606;1669.708029;51321;0;4;4.257353446;-1.762887192;0.297264283;0;-1.321878565;0.0;0;0;0;0;0;0;0.0;0;-0.82941023;0;0;0;0;1.897318818;0.474329705
499;51;324;64;37;41;36;42;6351;40;1;0;-1;1;0;1.0;1;1;25000.0;919;;0.0;9;3;3810;381005;5308.65;0.1454;11144.9429;5988;;1096;0.333941606;8348.540146;51324;0;7;4.257353446;-0.78838712;0.297264283;0;0.0;0.0;0;0;0;0;0;0;0.230843282;0;0.0;0;0;0;0;54.4386234;13.60965585
503;51;325;64;29;32;33;32;9070;580;1;0;-1;1;0;1.0;1;2;9316.19;-1;;0.3262;9;3;3810;381007;1815.77;0.1776;4038.887;25376;;730;0.231506849;2156.761795;51325;0;0;4.257353446;-1.291487943;0.297264283;0;0.0;0.0;0;0;0;0;0;0;0.0;0;0.0;0;0;0;0;26.13119433;6.532798582
516;51;335;64;29;32;29;32;83181;0;1;0;-1;1;0;1.0;1;2;6000.0;583;;-3.0;5;4;4105;410502;-3.0;-3.0;-3.0;-3;;730;0.231506849;1389.041096;51335;0;2;4.257353446;-1.609288469;0.297264283;0;0.0;1.292065746;0;0;0;0;0;0;0.0;0;0.0;0;0;0;0;69.22728004;17.30682001
520;51;339;64;31;35;31;35;78068;410;1;0;-1;1;0;1.0;1;2;6000.0;648;;0.0386;4;5;5101;510103;1031.87;0.1233;144.4152;20399;;730;0.232876712;1397.260274;51339;0;2;4.257353446;-1.609288469;0.297264283;0;0.0;0.0;0;0;0;0;0;0;0.0;0;0.0;0;0;0;0;19.01692286;4.754230715
536;51;351;64;33;37;33;37;26255;570;1;0;-1;1;0;2.0;0;-3;5000.0;923;;0.0754;6;3;3301;330101;1372.96;0.0553;1441.1459;9393;;730;0.234246575;1171.232877;51351;0;7;4.257353446;-1.762887192;0.297264283;0;-1.321878565;0.0;0;0;0;0;0;0;0.0;0;0.0;0;0;0;0;4.348591379;1.087147845
545;51;358;64;35;39;34;39;28950;0;1;0;-1;1;0;1.0;1;1;6000.0;867;;0.0106;6;3;3305;330501;-3.0;0.0105;437.9712;1738;;730;0.235616438;1413.69863;51358;0;4;4.257353446;-1.609288469;0.297264283;0;0.0;0.0;0;0;0;0;0;0;0.230843282;0;0.0;0;0;0;0;23.95489151;5.988722878
554;51;362;64;35;39;34;39;88101;100;1;0;-1;1;0;2.0;0;-3;5000.0;933;;0.75;7;4;4204;420403;1766.07;0.3424;1989.2167;10623;;730;0.235616438;1178.082192;51362;0;8;4.257353446;-1.762887192;0.297264283;0;-1.321878565;0.0;0;0;0;0;0;0;0.0;0;0.0;0;0;0;0;4.348591379;1.087147845
559;51;365;64;35;39;40;39;32419;462;1;0;-1;1;0;1.0;1;2;20000.0;923;;-3.0;3;3;3104;310401;-3.0;-3.0;2345.5935;1640;;730;0.235616438;4712.328767;51365;0;7;4.257353446;-0.881443596;0.297264283;0;0.0;0.0;0;0;0;0;0;0;0.0;0;0.0;0;0;0;0;39.37669456;9.84417364
564;51;368;64;37;41;36;42;35410;0;1;0;-1;1;0;1.0;1;2;15000.0;944;;-3.0;3;3;3104;310406;-3.0;-3.0;-3.0;-3;;1096;0.333941606;5009.124088;51368;0;8;4.257353446;-1.017803395;0.297264283;0;0.0;0.0;0;0;0;0;0;0;0.0;0;0.0;0;0;0;0;34.3572938;8.589323449
570;51;371;64;13;13;0;12;6543;1;1;0;-1;1;0;2.0;0;2;20000.0;894;;0.7263;9;3;3810;381005;5575.74;0.0701;681.8557;11913;;730;0.136986301;2739.726027;51371;0;5;4.257353446;-0.881443596;0.297264283;0;-1.321878565;0.0;0;0;0;0;0;0;0.0;0;0.0;0;0;0;0;10.49916329;2.624790824
574;51;375;64;40;44;42;45;1530;10;1;0;-1;1;0;2.0;0;-3;5000.0;859;;0.7072;9;3;3810;381007;2687.38;0.2825;7782.7236;565893;;730;0.239726027;1198.630137;51375;0;4;4.257353446;-1.762887192;0.297264283;0;-1.321878565;0.0;0;0;0;0;0;0;0.0;0;0.0;0;0;0;0;4.348591379;1.087147845
585;51;377;64;40;45;42;46;5014;0;1;0;-1;1;0;2.0;0;-3;5000.0;893;;0.942;9;3;3810;381007;4319.69;0.2825;7782.7236;565893;;1096;0.333941606;1669.708029;51377;0;5;4.257353446;-1.762887192;0.297264283;0;-1.321878565;0.0;0;0;0;0;0;0;0.0;0;-0.82941023;0;0;0;0;1.897318818;0.474329705
590;51;379;64;40;44;42;45;2021;30;1;0;-1;1;0;2.0;0;-3;5000.0;861;;0.7672;9;3;3810;381007;3461.77;0.2825;7782.7236;565893;;730;0.239726027;1198.630137;51379;0;4;4.257353446;-1.762887192;0.297264283;0;-1.321878565;0.0;0;0;0;0;0;0;0.0;0;0.0;0;0;0;0;4.348591379;1.087147845
595;51;380;64;40;44;42;45;4022;1;1;0;-1;1;0;2.0;0;-3;5000.0;916;;0.7805;9;3;3810;381007;320.46;0.2825;7782.7236;565893;;730;0.239726027;1198.630137;51380;0;7;4.257353446;-1.762887192;0.297264283;0;-1.321878565;0.0;0;0;0;0;0;0;0.0;0;-0.82941023;0;0;0;0;1.897318818;0.474329705
600;51;384;64;42;48;44;50;26130;230;1;0;-1;1;0;2.0;0;-3;5000.0;916;;0.1338;6;3;3301;330101;761.38;0.0191;5992.325;3780;;1096;0.333941606;1669.708029;51384;0;7;4.257353446;-1.762887192;0.297264283;0;-1.321878565;0.0;0;0;0;0;0;0;0.0;0;0.0;0;0;0;0;4.348591379;1.087147845
605;51;386;64;42;47;44;49;82930;450;1;0;-1;1;0;1.0;1;2;6000.0;808;;0.0021;5;4;4105;410502;795.94;0.2656;4326.7951;103192;;730;0.24109589;1446.575342;51386;0;3;4.257353446;-1.609288469;0.297264283;0;0.0;1.292065746;0;0;0;0;0;0;0.0;0;0.0;0;0;0;0;69.22728004;17.30682001
609;51;392;64;42;48;44;36;13421;739;1;0;-1;1;0;1.0;1;2;6000.0;58;;-3.0;9;3;3811;381102;1931.92;0.113;283.1404;16184;;1096;0.333941606;2003.649635;51392;0;0;4.257353446;-1.609288469;0.297264283;0;0.0;0.756138901;0;0;0;0;0;0;0.0;0;0.0;0;0;0;0;40.5067311;10.12668277
619;51;399;64;43;49;45;51;71680;350;1;0;-1;1;0;1.0;1;1;10000.0;856;;0.0;1;5;5301;530101;4471.46;0.2565;489.9215;92951;;730;0.242465753;2424.657534;51399;0;4;4.257353446;-1.246549488;0.297264283;0;0.0;0.0;0;0;0;0;0;0;0.230843282;0;0.0;0;0;0;0;34.42942314;8.607355785
628;51;408;64;47;54;48;56;4078;10;1;0;-1;1;0;2.0;0;-3;20000.0;820;;0.9449;9;3;3810;381007;4170.05;0.2825;7782.7236;565893;;730;0.245205479;4904.109589;51408;0;3;4.257353446;-0.881443596;0.297264283;0;-1.321878565;0.0;0;0;0;0;0;0;0.0;0;-0.82941023;0;0;0;0;4.580853513;1.145213378
633;51;409;64;47;54;48;56;20775;0;1;0;-1;1;0;2.0;0;-3;5000.0;432;;0.7916;6;3;3301;330101;1590.53;0.3762;5104.9533;192065;;730;0.245205479;1226.027397;51409;0;1;4.257353446;-1.762887192;0.297264283;0;-1.321878565;0.0;0;0;0;0;0;0;0.0;0;-0.82941023;0;0;0;0;1.897318818;0.474329705
637;51;410;64;47;54;37;56;13107;110;1;0;-1;1;0;1.0;1;1;3000.0;885;;0.0;9;3;3505;350502;2110.39;0.2441;1447.6141;49753;;730;0.245205479;735.6164384;51410;0;5;4.257353446;-2.275877579;0.297264283;0;0.0;0.0;0;0;0;0;0;0;0.230843282;0;0.0;0;0;0;0;12.29980529;3.074951321
641;51;411;64;47;55;48;57;20710;350;1;0;-1;1;0;2.0;0;-3;5000.0;884;;0.7569;6;3;3301;330101;2076.46;0.3762;5104.9533;192065;;1096;0.333941606;1669.708029;51411;0;5;4.257353446;-1.762887192;0.297264283;0;-1.321878565;0.0;0;0;0;0;0;0;0.0;0;0.0;0;0;0;0;4.348591379;1.087147845
646;51;412;64;47;54;48;56;1419;1;1;0;-1;1;0;2.0;0;-3;5000.0;606;;0.9548;9;3;3810;381007;4145.08;0.2825;7782.7236;565893;;730;0.245205479;1226.027397;51412;0;2;4.257353446;-1.762887192;0.297264283;0;-1.321878565;0.0;0;0;0;0;0;0;0.0;0;-0.82941023;0;0;0;0;1.897318818;0.474329705
651;51;414;64;47;54;48;56;20560;25;1;0;-1;1;0;2.0;0;-3;5000.0;854;;-3.0;6;3;3301;330101;3215.13;0.3762;5104.9533;192065;;730;0.245205479;1226.027397;51414;0;4;4.257353446;-1.762887192;0.297264283;0;-1.321878565;0.0;0;0;0;0;0;0;0.0;0;0.0;0;0;0;0;4.348591379;1.087147845
656;51;415;64;43;49;45;63;4674;225;1;0;-1;1;0;2.0;0;-3;5000.0;109;;0.5924;9;3;3810;381007;4572.83;0.2825;7782.7236;565893;;730;0.242465753;1212.328767;51415;0;0;4.257353446;-1.762887192;0.297264283;0;-1.321878565;0.0;0;0;0;0;0;0;0.0;0;0.0;0;0;0;0;4.348591379;1.087147845
660;51;418;64;51;59;52;64;13280;368;1;0;-1;1;0;1.0;1;1;3000.0;902;;-3.0;9;3;3505;350502;-3.0;-3.0;869.5604;3488;;730;0.247945205;743.8356164;51418;0;6;4.257353446;-2.275877579;0.297264283;0;0.0;0.0;0;0;0;0;0;0;0.230843282;0;0.0;0;0;0;0;12.29980529;3.074951321
664;51;419;64;51;60;52;65;4052;30;1;0;-1;1;0;2.0;0;-3;10000.0;917;;0.6999;9;3;3810;381007;3835.06;0.2825;7782.7236;565893;;1096;0.333941606;3339.416058;51419;0;7;4.257353446;-1.246549488;0.297264283;0;-1.321878565;0.0;0;0;0;0;0;0;0.0;0;0.0;0;0;0;0;7.287712245;1.821928061
674;51;422;64;54;64;56;69;71925;180;1;0;-1;1;0;2.0;0;-3;5000.0;356;;0.9676;1;5;5301;530101;4221.98;0.2565;489.9215;92951;;1096;0.333941606;1669.708029;51422;0;1;4.257353446;-1.762887192;0.297264283;0;-1.321878565;0.0;0;0;0;0;0;0;0.0;0;-0.82941023;0;0;0;0;1.897318818;0.474329705
682;51;430;64;54;63;39;68;15085;505;1;0;-1;1;0;2.0;0;-3;5000.0;381;;0.3938;9;3;3814;381407;1654.25;0.1575;1009.7996;23064;;730;0.249315068;1246.575342;51430;0;1;4.257353446;-1.762887192;0.297264283;0;-1.321878565;0.0;0;0;0;0;0;0;0.0;0;0.0;0;0;0;0;4.348591379;1.087147845
